date,source,p_synthetic_raw,imoex,fair_value_A,fair_ext,dev_ext
2023-07-13,polymarket,0.125,2885.63,3159.367686416269,3210.6766928029374,-0.10123930993474461
2023-07-14,polymarket,0.105,2902.72,3152.5770340720283,3207.157590520511,-0.0949244251109912
2023-07-17,polymarket,0.105,2917.61,3135.347561425759,3196.5410259987757,-0.0872602678113985
2023-07-18,polymarket,0.095,2954.52,3130.3539949699875,3193.7701286029483,-0.07491150551514603
2023-07-19,polymarket,0.095,2943.43,3123.3277944105907,3189.673543280778,-0.07720023379806495
2023-07-20,polymarket,0.09,2917.48,3128.331705436583,3193.0118601585787,-0.08629215055433415
2023-07-21,polymarket,0.09,2923.54,3120.227886036311,3188.025744817547,-0.08296223618880583
2023-07-24,polymarket,0.09,2937.47,3125.1392021623874,3191.2075950010117,-0.07951146625449523
2023-07-25,polymarket,0.09,2975.36,3130.2248561319784,3194.2535164220135,-0.06852728354110194
2023-07-26,polymarket,0.085,2970.42,3131.082672215004,3194.7416207069637,-0.07021588827497216
2023-07-27,polymarket,0.07,2987.85,3136.9741781286784,3198.4863161915296,-0.06585499994958133
2023-07-28,polymarket,0.095,3008.61,3132.1548143882583,3194.5491407879003,-0.05820512773268538
2023-07-31,polymarket,0.065,3073.5,3128.6819571086558,3192.692166846313,-0.037332808995503286
2023-08-01,polymarket,0.075,3093.64,3130.516881898871,3193.041214103857,-0.031130576600388316
2023-08-02,polymarket,0.075,3106.46,3133.276099839648,3193.6008403599894,-0.02728607760203583
2023-08-03,polymarket,0.075,3147.8,3136.184873096035,3193.8017394997996,-0.014403442433782443
2023-08-04,polymarket,0.075,3092.44,3138.641885473514,3193.8065495628416,-0.03173847507348759
2023-08-07,polymarket,0.09,3084.08,3147.771961837392,3197.8148496385447,-0.03556642738443738
2023-08-08,polymarket,0.08,3085.31,3148.782547124992,3197.215654127734,-0.03500097154324244
2023-08-09,polymarket,0.07,3099.52,3140.348466847687,3190.6489606979526,-0.028561261931496884
2023-08-10,polymarket,0.075,3148.86,3141.811749699509,3189.6859164671214,-0.01279935314519609
2023-08-11,polymarket,0.075,3155.51,3150.140307995875,3193.057749233993,-0.01175918263395026
2023-08-14,polymarket,0.08,3131.0,3135.367315277329,3182.371318640721,-0.016142465318177535
2023-08-15,polymarket,0.075,3115.25,3132.935997646297,3179.548391154741,-0.02022249176443236
2023-08-16,polymarket,0.075,3049.46,3144.018257343935,3185.1553868846986,-0.04260243862621027
2023-08-17,polymarket,0.075,3059.02,3167.305242645304,3198.097622450581,-0.043487610094907425
2023-08-18,polymarket,0.105,3111.22,3172.824383982239,3199.756973393765,-0.027669905599068012
2023-08-21,polymarket,0.12,3139.93,3177.8241732157176,3201.3310450049025,-0.01917984867597744
2023-08-22,polymarket,0.1,3164.25,3184.3251417670986,3204.5757521763103,-0.012583803690371154
2023-08-23,polymarket,0.085,3146.2,3189.0669835202884,3206.7385915561886,-0.018878555213572956
2023-08-24,polymarket,0.095,3137.37,3183.5718299068494,3202.0417882170095,-0.0201970469139382
2023-08-25,polymarket,0.09,3157.33,3190.323637862735,3205.037167360678,-0.014885059008524548
2023-08-28,polymarket,0.08,3198.72,3187.6814527064053,3202.6631430730044,-0.001231207559725167
2023-08-29,polymarket,0.09,3211.36,3198.3808177854467,3207.6187742526927,0.001166356107321187
2023-08-30,polymarket,0.08,3212.68,3203.688176156468,3209.685368764124,0.0009329983757968563
2023-08-31,polymarket,0.08,3227.99,3211.4095509962244,3212.963614700034,0.00467679908705354
2023-09-01,polymarket,0.08,3231.35,3206.79584573238,3208.6707809630584,0.007068104079576143
2023-09-04,polymarket,0.09,3268.97,3215.616787751568,3212.175560484194,0.017680988615468074
2023-09-05,polymarket,0.095,3264.43,3217.793942478274,3211.7056783834532,0.016416299280288982
2023-09-06,polymarket,0.095,3245.47,3195.2406144229794,3196.4288659857143,0.015342476266607674
2023-09-07,polymarket,0.12,3169.07,3187.7068725391896,3189.6924384665863,-0.0064653376036781784
2023-09-08,polymarket,0.1,3142.88,3156.8137523982177,3170.0873031985293,-0.008582509122407433
2023-09-11,polymarket,0.1,3122.37,3175.6418097044607,3179.9832878586053,-0.018117481333495333
2023-09-12,polymarket,0.1,3165.92,3204.7038904773863,3196.0936291985527,-0.009440783875320546
2023-09-13,polymarket,0.1,3148.32,3215.156217452774,3200.9333341017787,-0.016436872814954318
2023-09-14,polymarket,0.09,3139.49,3215.927323569122,3200.011778765441,-0.018912986248066366
2023-09-15,polymarket,0.09,3152.53,3223.105760614479,3202.6153796061435,-0.0156388993586557
2023-09-18,polymarket,0.085,3135.18,3244.859495510261,3214.2184831911873,-0.02459026466449643
2023-09-19,polymarket,0.085,3083.85,3245.203173805432,3212.6630469467914,-0.04009541152135798
2023-09-20,polymarket,0.07,3068.15,3246.4600531161204,3212.2688494113117,-0.04486512685192068
2023-09-21,polymarket,0.07,3019.22,3260.243662988182,3218.8966359827364,-0.062032633713873464
2023-09-22,polymarket,0.065,3049.07,3263.416080058761,3219.277924804992,-0.052871460240669355
2023-09-25,polymarket,0.07,3045.39,3265.311170646892,3218.888396473995,-0.053900096898061745
2023-09-26,polymarket,0.1,3051.91,3275.1414982281367,3222.499705995654,-0.05293707418444815
2023-09-27,polymarket,0.09,3067.61,3280.4073404420687,3224.2922931555586,-0.048594320523657086
2023-09-28,polymarket,0.07,3108.07,3272.977616079478,3218.8970620261184,-0.03443013550621554
2023-09-29,polymarket,0.07,3133.26,3281.955089775136,3222.8513507715893,-0.0277987846849157
2023-10-02,polymarket,0.065,3132.33,3275.635708983037,3217.782059923987,-0.026556198752007987
2023-10-03,polymarket,0.065,3143.88,3277.0646250002733,3217.3134343892916,-0.022824457699512468
2023-10-04,polymarket,0.065,3134.25,3265.82527612442,3209.657002731718,-0.023493788485043576
2023-10-05,polymarket,0.07,3131.76,3277.06574005953,3215.2822567175303,-0.02597664840871472
2023-10-06,polymarket,0.07,3144.89,3280.8856969499407,3216.658415448981,-0.022311481724105797
2023-10-09,polymarket,0.1,3174.02,3288.3510413004938,3219.266124498224,-0.014054794710479657
2023-10-10,polymarket,0.09,3177.03,3285.298648664429,3216.744948041146,-0.0123463155092014
2023-10-11,polymarket,0.08,3194.12,3308.586495616291,3229.832738156523,-0.011057147862370997
2023-10-12,polymarket,0.08,3174.66,3321.975096433581,3237.0806416357923,-0.019283004826302186
2023-10-13,polymarket,0.075,3192.33,3331.613739835187,3241.8219011927254,-0.015266693452381297
2023-10-16,polymarket,0.065,3234.78,3333.358506421532,3242.1359373626397,-0.0022688553178381587
2023-10-17,polymarket,0.065,3247.15,3322.044772166984,3234.4694386757415,0.003920445552099583
2023-10-18,polymarket,0.065,3249.21,3319.661435885748,3231.7752709827428,0.005394783843356565
2023-10-19,polymarket,0.065,3255.16,3321.843165507579,3232.0346467234367,0.007155044980723613
2023-10-20,polymarket,0.07,3269.27,3323.827335517341,3232.0936925092574,0.01150223694842234
2023-10-23,polymarket,0.06,3263.68,3345.761243618561,3244.145883017363,0.00602134357918227
2023-10-24,polymarket,0.06,3265.01,3345.2924069136075,3243.0952582294076,0.006757353708616298
2023-10-25,polymarket,0.065,3265.28,3350.368558849644,3245.277022183874,0.006163719669966872
2023-10-26,polymarket,0.045,3223.89,3352.448736819201,3246.1772857901497,-0.006865701971272564
2023-10-27,polymarket,0.055,3224.18,3349.5074013068534,3243.6591634017336,-0.0060053052495520065
2023-10-30,polymarket,0.055,3227.07,3346.0176546472826,3241.153919161076,-0.004345341045920215
2023-10-31,polymarket,0.045,3200.97,3347.42741417625,3241.970239782927,-0.012646704550154153
2023-11-01,polymarket,0.035,3206.52,3379.7560245253558,3261.050664959563,-0.01672180857093164
2023-11-02,polymarket,0.035,3197.22,3395.662480751483,3270.143975623194,-0.022299928127567203
2023-11-03,polymarket,0.0355,3208.63,3421.236809909081,3284.8948009325472,-0.023216816840191168
2023-11-06,polymarket,0.1125,3235.11,3417.585165084843,3281.123536996572,-0.014023713669339966
2023-11-07,polymarket,0.065,3246.34,3418.299675462557,3282.9896240105068,-0.011163490661824094
2023-11-08,polymarket,0.065,3245.43,3415.955814801428,3282.034823254437,-0.011153088015726786
2023-11-09,polymarket,0.0635,3239.92,3454.2977800333915,3304.6275768266337,-0.019580898398472768
2023-11-10,polymarket,0.109,3242.06,3452.732782747342,3302.892390248204,-0.018417914682237746
2023-11-13,polymarket,0.0465,3248.27,3430.115835592848,3291.5054506354486,-0.013135463782112722
2023-11-14,polymarket,0.047,3212.39,3418.285847503361,3284.7194058850637,-0.022019964857721175
2023-11-15,polymarket,0.0465,3215.11,3420.316694914949,3286.2106356179866,-0.02163605547598002
2023-11-16,polymarket,0.0465,3189.08,3424.6120558875136,3289.0472757632583,-0.030393991749498306
2023-11-17,polymarket,0.0465,3206.34,3423.164968925646,3288.675269789071,-0.025035998703013207
2023-11-20,polymarket,0.048,3207.36,3430.206789809436,3293.0300977223696,-0.026015582967681805
2023-11-21,polymarket,0.065,3218.48,3429.137728440209,3292.40283132383,-0.022452547610678164
2023-11-22,polymarket,0.056,3230.65,3440.2347511124444,3299.3148355444328,-0.020811846994620575
2023-11-23,polymarket,0.0625,3221.05,3434.04229269352,3295.7664522743917,-0.022670432919429162
2023-11-24,polymarket,0.0755,3217.76,3428.396749242157,3292.5011344930535,-0.022700412677173265
2023-11-27,polymarket,0.0815,3191.05,3429.376245212095,3293.4086035303553,-0.031079837290955092
2023-11-28,polymarket,0.08,3196.36,3431.3372751050147,3295.114645840511,-0.029970018179844127
2023-11-29,polymarket,0.0795,3173.52,3425.31519464762,3292.23767727689,-0.03605987444232306
2023-11-30,polymarket,0.0725,3165.79,3414.758849370026,3287.0127802970865,-0.03687931517142751
2023-12-01,polymarket,0.0715,3142.29,3403.6138980411456,3281.18115871812,-0.04232962216946945
2023-12-04,polymarket,0.052,3114.41,3378.538572610591,3267.70003886851,-0.046910682451008934
2023-12-05,polymarket,0.0495,3129.33,3364.76582355463,3260.3790653224078,-0.04019442607648105
2023-12-06,polymarket,0.043,3079.5,3355.8088148453376,3255.9893984339838,-0.05420453718887075
2023-12-07,polymarket,0.045,3073.63,3342.662519707324,3249.0224916265674,-0.053983157112205804
2023-12-08,polymarket,0.0445,3079.99,3328.4941278814813,3241.2578092627423,-0.049754699796442425
2023-12-11,polymarket,0.0365,3026.17,3319.391077838587,3237.0431332246008,-0.06514375142556039
2023-12-12,polymarket,0.041,3019.89,3298.271609539406,3225.6265063730143,-0.06378187492151732
2023-12-13,polymarket,0.2,3032.22,3278.457033644143,3211.315798341301,-0.05577022304496104
2023-12-14,polymarket,0.22,3008.84,3264.0221544859805,3203.359996897919,-0.060723739163343726
2023-12-15,polymarket,0.23,3033.89,3271.169884294767,3208.6430553385067,-0.054463227079046495
2023-12-18,polymarket,0.225,3076.26,3311.951548995603,3233.7790073230876,-0.04871050463447757
2023-12-19,polymarket,0.23,3083.64,3317.273441492306,3237.7892830327337,-0.047609424072324824
2023-12-20,polymarket,0.235,3104.66,3321.1112990865163,3240.972588234577,-0.042059161107817156
2023-12-21,polymarket,0.245,3073.57,3320.666832194828,3241.40860262435,-0.051779526496123385
2023-12-22,polymarket,0.245,3092.58,3301.4316306173355,3231.082078389578,-0.04286554009751731
2023-12-25,polymarket,0.445,3099.02,3297.4173592864813,3225.11771286578,-0.03909863890013865
2023-12-26,polymarket,0.42,3094.72,3277.3345874398565,3214.810279800141,-0.037355324062111395
2023-12-27,polymarket,0.36,3097.49,3267.5638951034043,3211.5157028921476,-0.03550526089268735
2023-12-28,polymarket,0.315,3101.99,3273.052194736352,3217.199895446494,-0.03581061146046849
2023-12-29,polymarket,0.31,3099.11,3284.161838514792,3225.1412160883615,-0.03907773571577722
2024-01-03,polymarket,0.245,3130.23,3271.0169326887194,3219.702408308794,-0.027789030463778452
2024-01-04,polymarket,0.245,3136.07,3274.8527371155888,3222.79426730449,-0.0269096504807379
2024-01-05,polymarket,0.245,3136.37,3268.170622547016,3219.57821942478,-0.02584444723931767
2024-01-08,polymarket,0.27,3158.58,3259.518599262121,3214.9473567365253,-0.017532901936454626
2024-01-09,polymarket,0.26,3155.55,3228.9831001395696,3198.14308754313,-0.013318068134296923
2024-01-10,polymarket,0.175,3164.7,3246.311763293411,3211.4370377761215,-0.014553309694804617
2024-01-11,polymarket,0.245,3181.25,3231.6784591723963,3201.9541680880684,-0.006466103823225877
2024-01-12,polymarket,0.27,3185.22,3209.871239669625,3189.446745678545,-0.001325228484931551
2024-01-15,polymarket,0.235,3184.88,3215.559122986868,3194.9829452175454,-0.003162128058513791
2024-01-16,polymarket,0.225,3179.45,3219.127771713398,3198.622959161272,-0.005994129163100714
2024-01-17,polymarket,0.215,3185.23,3222.306850478008,3202.3130159289854,-0.005334586545415965
2024-01-18,polymarket,0.215,3178.85,3200.3954981555767,3190.528147964138,-0.0036602554256072173
2024-01-19,polymarket,0.215,3166.37,3204.580968978552,3194.4083536494463,-0.008777322917219998
2024-01-22,polymarket,0.215,3172.15,3193.154466047344,3188.9405357557644,-0.005265239526263232
2024-01-23,polymarket,0.215,3175.74,3188.326740669781,3187.105783182347,-0.0035661769503609886
2024-01-24,polymarket,0.17,3162.41,3191.583152352043,3191.2237636767854,-0.00902906402388648
2024-01-25,polymarket,0.165,3157.74,3187.8663931822844,3190.1858274554907,-0.010170513321278829
2024-01-26,polymarket,0.165,3163.21,3179.2913952626413,3185.9119617669526,-0.007125734182046206
2024-01-29,polymarket,0.155,3176.61,3156.6899725760027,3173.1615367926165,0.0010867594250714152
2024-01-30,polymarket,0.155,3196.08,3155.9856461045147,3173.4906998205633,0.007118123957544187
2024-01-31,polymarket,0.155,3214.19,3158.009293521558,3175.1931187927066,0.012281735235720515
2024-02-01,polymarket,0.165,3229.89,3134.769463493562,3161.2668530542105,0.021707483150146034
2024-02-02,polymarket,0.165,3226.35,3132.6606428621963,3160.573802787389,0.0208114732693796
2024-02-05,polymarket,0.165,3226.79,3129.6482762790715,3159.2846139898033,0.021367301227395608
2024-02-06,polymarket,0.125,3238.4,3131.5553980852496,3161.8623778644155,0.02420650015364667
2024-02-07,polymarket,0.125,3256.58,3131.0726267777445,3162.073779133974,0.02988741802599848
2024-02-08,polymarket,0.125,3241.81,3122.459133937633,3157.129248146345,0.026822073218375042
2024-02-09,polymarket,0.125,3242.38,3123.3129010978623,3157.912864593109,0.026747772667810477
2024-02-12,polymarket,0.135,3248.5,3126.047708337824,3159.480580493155,0.028175333647073808
2024-02-13,polymarket,0.125,3254.6,3121.624763714028,3157.188935788621,0.03085373292271676
2024-02-14,polymarket,0.125,3258.14,3122.3860994919787,3157.5154495038223,0.031868268613535866
2024-02-15,polymarket,0.125,3265.63,3111.707218386781,3150.8474027035822,0.03642911973392571
2024-02-16,polymarket,0.135,3242.48,3099.8902400618226,3143.0425783583173,0.03163731294204131
2024-02-19,polymarket,0.145,3244.56,3096.7969432735904,3140.651472892406,0.03308502328400631
2024-02-20,polymarket,0.145,3207.49,3102.6036192164333,3143.9788233213612,0.020200892005864057
2024-02-21,polymarket,0.145,3139.5,3099.150245470135,3141.8710758225457,-0.000754669992919732
2024-02-22,polymarket,0.145,3142.3,3094.2169259363527,3138.7113832502364,0.001143340789125924
2024-02-26,polymarket,0.125,3213.17,3086.7927865248616,3134.5235101581397,0.025090413132008216
2024-02-27,polymarket,0.125,3208.99,3087.6357749985737,3134.8864940510616,0.023638337812090127
2024-02-28,polymarket,0.125,3227.05,3087.7166348256283,3134.921308626431,0.029387880046640058
2024-02-29,polymarket,0.125,3256.8,3077.6525017754884,3128.7217371820607,0.040936290784777674
2024-03-01,polymarket,0.125,3266.66,3095.228958753392,3139.3986868901206,0.040536843453911287
2024-03-04,polymarket,0.115,3296.75,3063.471533077358,3120.351926037818,0.056531467649602485
2024-03-05,polymarket,0.115,3300.89,3059.184450422352,3117.8808912198065,0.05869663247738588
2024-03-06,polymarket,0.115,3310.58,3046.855122318911,3110.4885881910163,0.0643279684640643
2024-03-07,polymarket,0.12,3315.68,3050.339628262574,3112.500056154149,0.06527869564021871
2024-03-11,polymarket,0.125,3320.31,3048.613321011241,3111.4333288444277,0.06713197715637631
2024-03-12,polymarket,0.125,3332.6,3041.230156349176,3107.0027750197796,0.07260927695141306
2024-03-13,polymarket,0.125,3320.68,3032.193956787099,3101.238569189547,0.07075928727011793
2024-03-14,polymarket,0.125,3297.0,3029.2854750175848,3099.1569773431747,0.06383769008900964
2024-03-15,polymarket,0.125,3300.07,3023.46783055204,3095.1987019116664,0.06619003101862275
2024-03-18,polymarket,0.125,3296.3,3024.2129888944573,3095.3175073294733,0.06493113943710638
2024-03-19,polymarket,0.125,3264.97,3028.647124779542,3097.6508839543485,0.05401483973302312
2024-03-20,polymarket,0.125,3267.1,3025.7468942613573,3095.5738040277047,0.055410145850542936
2024-03-21,polymarket,0.125,3286.69,3023.282230762886,3093.89048970458,0.06231620380132763
2024-03-22,polymarket,0.125,3273.49,3035.7546722060483,3101.346675276361,0.05550599231487041
2024-03-25,polymarket,0.125,3281.63,3029.3961446024528,3097.1564991838522,0.059562214846023975
2024-03-26,polymarket,0.125,3285.54,3012.369557548894,3086.49562364406,0.06448879267191021
2024-03-27,polymarket,0.125,3304.09,3033.769185783793,3099.666441062346,0.06595017974501549
2024-03-28,polymarket,0.125,3312.77,3034.2857103520123,3099.685274225249,0.0687439875095095
2024-03-29,polymarket,0.125,3332.53,3032.620700454599,3098.34922194182,0.07558243480101079
2024-04-01,polymarket,0.115,3363.29,3029.9253155082665,3096.3840122174347,0.08619925265387995
2024-04-02,polymarket,0.105,3371.29,3026.7570224772776,3094.21400487529,0.08954648731087933
2024-04-03,polymarket,0.105,3395.59,3025.9333643544733,3093.2432760842203,0.09774424347849053
2024-04-04,polymarket,0.105,3407.57,3026.155332936326,3092.930466656021,0.10172861521977805
2024-04-05,polymarket,0.105,3395.37,3017.972560535532,3087.3390782135502,0.09977230034761453
2024-04-08,polymarket,0.0455,3417.38,3018.48790184116,3088.2949706208783,0.1065588075328705
2024-04-09,polymarket,0.0455,3414.26,3022.4375612858325,3089.803683865675,0.10500871554674163
2024-04-10,polymarket,0.046,3439.11,3020.9827454808865,3088.3446952331424,0.11357712282190002
2024-04-11,polymarket,0.0485,3439.53,3017.791105652945,3085.4757383278516,0.11474867790210697
2024-04-12,polymarket,0.0385,3456.24,3017.3652620960384,3084.7009954335317,0.12044571098348911
2024-04-15,polymarket,0.042,3472.19,3029.457516269221,3091.288599130044,0.12321767724215404
2024-04-16,polymarket,0.042,3462.94,3020.071809183344,3084.7750288442985,0.12259077813443664
2024-04-17,polymarket,0.042,3454.07,3027.0570745247896,3088.207062068687,0.11847098674990852
2024-04-18,polymarket,0.041,3455.82,3038.0515265240874,3094.4131894682755,0.1167933266836374
2024-04-19,polymarket,0.0415,3470.88,3050.8626668025404,3101.773958505008,0.11899836881501624
2024-04-22,polymarket,0.039,3479.17,3049.3410597085303,3100.354499384613,0.12218457621235834
2024-04-23,polymarket,0.0385,3439.42,3042.9324909493307,3095.962972835268,0.11093705905991369
2024-04-24,polymarket,0.038,3428.93,3041.701195364963,3094.8290429189597,0.10795457598715208
2024-04-25,polymarket,0.0365,3439.76,3042.374519729427,3094.9488880107556,0.11141092291539212
2024-04-26,polymarket,0.0365,3449.77,3030.155790768514,3087.017077844364,0.11750920484344807
2024-04-27,polymarket,0.0365,3465.85,3030.145789626338,3086.604562576815,0.1228681645913774
2024-04-29,polymarket,0.036,3478.08,3022.6941112402674,3081.7641246336834,0.12860032738989235
2024-04-30,polymarket,0.0365,3469.83,3023.5692561562164,3082.1311867275012,0.12578919902632157
2024-05-02,polymarket,0.0365,3442.83,3016.730347868756,3077.951610809385,0.1185458497492966
2024-05-03,polymarket,0.032,3441.77,3015.030304558048,3076.9103743428327,0.11857986787642272
2024-05-06,polymarket,0.034,3436.05,3019.675135973465,3079.48534104441,0.11578709409756804
2024-05-07,polymarket,0.0335,3427.61,3016.2288802830826,3077.191768231493,0.1138759811416945
2024-05-08,polymarket,0.032,3432.54,3014.831201220665,3076.213955641512,0.11583265972284429
2024-05-10,polymarket,0.032,3449.78,3019.2928394109545,3078.754328873765,0.12051161979590597
2024-05-13,polymarket,0.0315,3457.11,3002.397279135202,3068.2001990654585,0.12675502760641222
2024-05-14,polymarket,0.0315,3463.93,2976.830393811477,3052.447663489952,0.1348040595197586
2024-05-15,polymarket,0.034,3470.72,2971.513054382667,3049.2718962568656,0.13821270063206992
2024-05-16,polymarket,0.0345,3486.26,2955.357900969169,3039.4047773339494,0.1470206357502719
2024-05-17,polymarket,0.0345,3501.89,2953.569318010573,3038.423684971882,0.15253511790354768
2024-05-20,polymarket,0.031,3468.09,2943.7692482967677,3032.6174917326707,0.14359625289192812
2024-05-21,polymarket,0.031,3428.38,2929.158048745758,3023.8250409773264,0.13378914240749795
2024-05-22,polymarket,0.031,3444.64,2921.0548510428644,3019.076893175674,0.14095802189943218
2024-05-23,polymarket,0.031,3442.79,2899.9890357579434,3006.244526584166,0.1452128958757246
2024-05-24,polymarket,0.031,3396.5,2879.953536269374,2994.0519264301074,0.13441586300400044
2024-05-27,polymarket,0.155,3299.22,2867.518941981112,2983.8781953463,0.10568186233121435
2024-05-28,polymarket,0.155,3302.91,2864.9708918767187,2982.5563026670384,0.10740910307258811
2024-05-29,polymarket,0.155,3318.03,2849.541267826692,2972.980675775252,0.1160617447117347
2024-05-30,polymarket,0.155,3282.18,2852.782990799411,2975.201236776055,0.10317915959076052
2024-05-31,polymarket,0.155,3217.19,2837.039967750848,2965.481214877907,0.08487957497733012
2024-06-03,polymarket,0.155,3141.42,2822.316784180669,2956.598346452033,0.06251158659063583
2024-06-04,polymarket,0.155,3186.93,2848.1818352144564,2973.361946539661,0.0718271294582502
2024-06-05,polymarket,0.155,3212.24,2854.14339054586,2977.5741582939286,0.07881108218662414
2024-06-06,polymarket,0.155,3192.38,2849.6456719279345,2975.18996927636,0.07300039088813759
2024-06-07,polymarket,0.155,3233.22,2845.5193449878443,2972.772540772133,0.08761096103243049
2024-06-10,polymarket,0.165,3180.94,2819.5488636995374,2956.5201117427277,0.07590676869266666
2024-06-11,polymarket,0.175,3171.1,2811.5539912467198,2951.574825777008,0.07437560867703952
2024-06-13,polymarket,0.175,3171.69,2806.1738810278093,2948.398459703505,0.07573316271469954
2024-06-14,polymarket,0.175,3215.91,2808.0363779240056,2950.0082629268886,0.09013592958864924
2024-06-17,polymarket,0.08,3183.68,2774.813279222481,2931.3776789364865,0.08606953749987256
2024-06-18,polymarket,0.08,3114.15,2763.911846871332,2924.7473926910325,0.06475862078970862
2024-06-19,polymarket,0.11,3027.47,2756.3127726980765,2919.727804890652,0.036901451884958414
2024-06-20,polymarket,0.1,3123.43,2733.2082834754165,2905.691846862756,0.07493504632032244
2024-06-21,polymarket,0.105,3114.35,2728.4880512784525,2903.0725796653614,0.07277717471293554
2024-06-24,polymarket,0.1,3098.05,2732.7102265960475,2906.427990541042,0.0659304170213717
2024-06-25,polymarket,0.1,3111.39,2740.808705700842,2912.0022603438324,0.0684710112940039
2024-06-26,polymarket,0.1,3151.7,2764.0679857062687,2927.2911280399435,0.07666093399815543
2024-06-27,polymarket,0.105,3150.32,2757.25892835318,2923.350657799116,0.07764013584732288
2024-06-28,polymarket,0.1,3154.36,2753.6403884861884,2921.636848252031,0.07965505770753256
2024-07-01,polymarket,0.1,3186.19,2758.896076952884,2925.5473646286864,0.08909192123245435
2024-07-02,polymarket,0.1,3217.29,2755.746625923992,2923.937305765303,0.1003279699794779
2024-07-03,polymarket,0.095,3203.07,2751.452586586447,2921.724886361317,0.09629418394319345
2024-07-04,polymarket,0.11,3133.81,2736.045924077592,2911.951815866486,0.07618882391001969
2024-07-05,polymarket,0.09,3149.29,2727.2930317904197,2907.2698614008896,0.08324653373680668
2024-07-08,polymarket,0.085,3132.58,2718.0228821325777,2902.029895500432,0.07944442779760252
2024-07-09,polymarket,0.075,3054.07,2706.3137786670286,2895.4017883174,0.05480006689324002
2024-07-10,polymarket,0.055,2975.75,2696.493315810077,2890.0269352263954,0.02966168367800681
2024-07-11,polymarket,0.06,2992.21,2699.00133108379,2892.2078797673043,0.03457639436372095
2024-07-12,polymarket,0.075,2973.21,2685.2466296429466,2883.5333686692265,0.031099564272481395
2024-07-15,polymarket,0.065,2913.48,2655.160612432901,2864.6898957116828,0.017031548287775866
2024-07-16,polymarket,0.06,2944.86,2624.4616540106185,2845.428653588005,0.034944241630031625
2024-07-17,polymarket,0.09,2947.24,2625.239602210188,2846.102219476743,0.03553554044234253
2024-07-18,polymarket,0.08,2980.62,2640.517867383629,2856.721332137876,0.04337093242812107
2024-07-19,polymarket,0.075,3008.24,2641.61959564974,2858.0871032009645,0.05253615141080514
2024-07-22,polymarket,0.085,3024.54,2653.503935198244,2866.1644356269744,0.05525697074612568
2024-07-23,polymarket,0.195,3028.01,2636.6836333858755,2853.502501061705,0.06115554441370419
2024-07-24,polymarket,0.115,3051.76,2646.7502838655264,2862.250736942008,0.06620987484152474
2024-07-25,polymarket,0.105,3041.37,2654.289693357183,2868.0003874989156,0.06044964751635673
2024-07-26,polymarket,0.105,2993.23,2602.093470764892,2834.560138103858,0.05597689029885311
2024-07-29,polymarket,0.075,2906.95,2584.815058153175,2824.56792151619,0.029166258618269714
2024-07-30,polymarket,0.08,2944.78,2602.983827461851,2837.1780492945145,0.03792569547485458
2024-07-31,polymarket,0.085,2942.68,2631.022752939764,2856.2192693668253,0.03027104100881628
2024-08-01,polymarket,0.09,2935.69,2633.5357013464763,2858.2160111395174,0.027105715088900917
2024-08-02,polymarket,0.125,2899.0,2619.2206316731604,2848.625651055867,0.01768373774401044
2024-08-05,polymarket,0.105,2828.72,2619.9537348263057,2850.1345327391823,-0.0075135164649935415
2024-08-06,polymarket,0.08,2830.75,2612.3518993036078,2846.204533640207,-0.005429874577720928
2024-08-07,polymarket,0.065,2874.94,2626.3343197342347,2856.176740533402,0.0065693621827807025
2024-08-08,polymarket,0.065,2852.51,2636.5664136198,2863.539760981627,-0.0038517925023836552
2024-08-09,polymarket,0.075,2848.29,2640.3445808164324,2866.395810756407,-0.006316577315827576
2024-08-12,polymarket,0.055,2844.77,2640.4758917968043,2867.2550587058086,-0.007842015532429691
2024-08-13,polymarket,0.07,2884.6,2639.577368824029,2866.5265102082594,0.006305014004711618
2024-08-14,polymarket,0.055,2871.11,2667.611585906123,2885.241008246582,-0.004897687301058329
2024-08-15,polymarket,0.09,2838.11,2634.395480517639,2862.962200864698,-0.008680589934855432
2024-08-16,polymarket,0.09,2828.2,2605.951063569353,2844.541189356874,-0.005744753993373819
2024-08-19,polymarket,0.085,2775.64,2599.6172309700114,2840.7719371241897,-0.022927548766947137
2024-08-20,polymarket,0.085,2768.42,2596.8240631610643,2839.1016993702783,-0.024895796929696346
2024-08-21,polymarket,0.075,2768.14,2602.198684533914,2842.9276782049255,-0.02630657078555998
2024-08-22,polymarket,0.07,2725.75,2592.870500534053,2837.0166287324205,-0.03921958990495389
2024-08-23,polymarket,0.07,2662.47,2589.265879403355,2834.5936355890053,-0.060722508308757805
2024-08-26,polymarket,0.075,2763.75,2577.7468097532587,2826.8916897934373,-0.02233608384127761
2024-08-27,polymarket,0.07,2730.38,2582.036550927114,2829.9246432300624,-0.03517572224695087
2024-08-28,polymarket,0.065,2699.98,2572.507552972917,2823.913507233042,-0.0438871470091432
2024-08-29,polymarket,0.065,2708.27,2567.9985519166003,2821.067249063079,-0.03998389230194388
2024-08-30,polymarket,0.085,2650.32,2550.655160685486,2809.029034402116,-0.056499606254833856
2024-09-02,polymarket,0.035,2545.07,2549.372189483395,2809.272040784069,-0.0940464422627898
2024-09-03,polymarket,0.035,2524.38,2544.330985131571,2805.9871387887747,-0.10035938329722083
2024-09-04,polymarket,0.0335,2605.15,2563.299342847617,2818.7813465306795,-0.07578854840713845
2024-09-05,polymarket,0.028,2621.62,2576.1707985176195,2827.6919004860506,-0.07287636267962194
2024-09-06,polymarket,0.027,2623.37,2569.749200383429,2823.7876691057463,-0.07097476602028507
2024-09-09,polymarket,0.0205,2703.17,2562.056335241012,2819.2153064573586,-0.04116227171140807
2024-09-10,polymarket,0.0205,2671.38,2555.312070842179,2815.134995772318,-0.05106504518902444
2024-09-11,polymarket,0.0265,2668.03,2566.4176892810938,2822.8048344490035,-0.054830157777880695
2024-09-12,polymarket,0.029,2615.0,2536.209397081532,2802.8643283837496,-0.06702583727699729
2024-09-13,polymarket,0.0275,2678.99,2521.4732695672496,2793.3903331474025,-0.040953937510947225
2024-09-16,polymarket,0.023,2744.2,2510.462466213093,2786.4597846025927,-0.015166120407016703
2024-09-17,polymarket,0.11,2774.04,2502.92605431334,2779.6670749680875,-0.002024370119271257
2024-09-18,polymarket,0.16,2751.73,2487.016278032421,2768.216062364869,-0.005955482517786104
2024-09-19,polymarket,0.115,2758.91,2479.2775035452505,2764.008290286056,-0.0018445278561477485
2024-09-20,polymarket,0.145,2782.35,2475.612649464186,2761.120674307979,0.007688662755510167
2024-09-23,polymarket,0.155,2819.87,2475.5385490846684,2761.0660850008016,0.02129753985920302
2024-09-24,polymarket,0.205,2871.96,2478.2890184044086,2762.0862028117194,0.03977927882063659
2024-09-25,polymarket,0.215,2830.11,2481.4162273625343,2764.092343496821,0.023884027123225904
2024-09-26,polymarket,0.205,2829.65,2477.0525685342,2761.684330057796,0.024610223986309743
2024-09-27,polymarket,0.18,2858.56,2463.0509987492924,2753.1903011001546,0.0382718546036358
2024-09-30,polymarket,0.185,2857.56,2451.61969922814,2745.8476582156195,0.04068410039068815
2024-10-01,polymarket,0.185,2814.19,2448.5951294273327,2744.047698507354,0.025561618892703697
2024-10-02,polymarket,0.195,2766.79,2437.741823998896,2736.691584939569,0.010998102682109767
2024-10-03,polymarket,0.185,2782.39,2421.4741137147707,2725.8856497711695,0.020728804318542737
2024-10-04,polymarket,0.18,2804.62,2419.7283969486675,2724.791495932733,0.029297105553370173
2024-10-07,polymarket,0.175,2793.84,2400.901468630352,2711.932496944705,0.030202633416419156
2024-10-08,polymarket,0.185,2788.37,2395.553644219049,2708.0963503096373,0.029642095149673864
2024-10-09,polymarket,0.175,2748.81,2391.966955267172,2705.858539175015,0.01587350565565071
2024-10-10,polymarket,0.185,2761.54,2395.82635633691,2708.2270830075636,0.019685541632362247
2024-10-11,polymarket,0.185,2754.52,2404.5010443116216,2713.8161927765523,0.014998734008511816
2024-10-14,polymarket,0.175,2773.36,2404.0221229741205,2713.6061633906083,0.022020084349576363
2024-10-15,polymarket,0.18,2805.79,2400.074911574716,2710.89951591908,0.0350033203088862
2024-10-16,polymarket,0.165,2783.46,2403.274243051603,2713.2673399923433,0.02587015992602293
2024-10-17,polymarket,0.155,2763.53,2398.652428518997,2710.1764027366685,0.019686392815410958
2024-10-18,polymarket,0.145,2751.9,2401.881374598209,2712.4594131817685,0.01454052607259726
2024-10-21,polymarket,0.145,2767.71,2398.070270428866,2709.7374533536076,0.021394156313795154
2024-10-22,polymarket,0.165,2755.19,2392.5015019540783,2705.239617643178,0.018464309790176436
2024-10-23,polymarket,0.165,2734.93,2397.1204844774406,2707.990290385694,0.009948229766536087
2024-10-24,polymarket,0.165,2718.42,2381.7092894497723,2697.203105633999,0.007866257576851554
2024-10-25,polymarket,0.17,2660.36,2351.25694854028,2675.8719155409344,-0.005796957414457737
2024-10-28,polymarket,0.145,2575.06,2324.110709560381,2657.409584421798,-0.030988668402697872
2024-10-29,polymarket,0.135,2599.66,2326.9609606393087,2659.5132405022737,-0.022505336537061216
2024-10-30,polymarket,0.135,2615.38,2336.9822058658497,2666.1264964621255,-0.019033791730986738
2024-10-31,polymarket,0.145,2560.2,2308.782877340225,2646.1113132966816,-0.03246700653331491
2024-11-01,polymarket,0.115,2574.71,2315.308649582085,2650.913708092652,-0.028746204699164335
2024-11-02,polymarket,0.115,2594.38,2316.671656132289,2651.575386322454,-0.02157034139684777
2024-11-05,polymarket,0.095,2616.51,2323.239405286165,2656.2028077416903,-0.01494344017181315
2024-11-06,polymarket,0.105,2662.87,2344.3373779091107,2670.267969840437,-0.00277049716507638
2024-11-07,polymarket,0.135,2690.63,2389.6699489045427,2700.3655517923685,-0.003605271806962018
2024-11-08,polymarket,0.14,2734.56,2392.669285090882,2702.2394034045806,0.011960671047390736
2024-11-11,polymarket,0.115,2785.31,2390.294770441265,2701.2389320733137,0.03112315128012688
2024-11-12,polymarket,0.085,2756.76,2408.616109999856,2714.3612698213105,0.01562014999627559
2024-11-13,polymarket,0.085,2763.99,2414.83297901233,2718.5880628851583,0.016700557813329686
2024-11-14,polymarket,0.085,2697.47,2418.4207135157703,2720.8397989445675,-0.00858918593944158
2024-11-15,polymarket,0.085,2739.21,2419.232034978561,2721.2268408114,0.006608474868356806
2024-11-18,polymarket,0.075,2720.77,2413.7682069610687,2717.7394887328087,0.0011150852683838863
2024-11-19,polymarket,0.065,2630.51,2372.359068329244,2689.517357327318,-0.02193975702241091
2024-11-20,polymarket,0.06,2596.89,2392.481815758269,2703.3748713093833,-0.03938960609551245
2024-11-21,polymarket,0.06,2568.6,2391.701839141131,2702.643674737936,-0.049597242874029224
2024-11-22,polymarket,0.06,2581.05,2400.1733350082563,2708.31025147126,-0.04698880100687397
2024-11-25,polymarket,0.052,2530.69,2388.9681833522945,2700.5985062064715,-0.06291513004098548
2024-11-26,polymarket,0.071,2464.35,2391.304020948509,2701.520864222689,-0.08779160929816854
2024-11-27,polymarket,0.058,2491.88,2398.221122794397,2706.1627179598245,-0.07918323482091727
2024-11-28,polymarket,0.0545,2547.88,2392.546663541209,2701.7278297797716,-0.05694423697457052
2024-11-29,polymarket,0.0545,2578.0,2386.677951592584,2696.9532589630753,-0.04410653338827619
2024-12-02,polymarket,0.0415,2586.74,2402.0438132531262,2706.885994982178,-0.04438531774330201
2024-12-03,polymarket,0.0385,2539.64,2407.2973480282,2709.633658516951,-0.06273676811720474
2024-12-04,polymarket,0.0425,2485.62,2405.1121098215,2707.257706639232,-0.08186797514536259
2024-12-05,polymarket,0.0365,2510.83,2408.969194533352,2709.21698818237,-0.07322668839289581
2024-12-06,polymarket,0.0295,2536.23,2428.9860518397686,2722.4778322038837,-0.06841114737493148
2024-12-09,polymarket,0.0695,2572.89,2414.183933614652,2711.047539631128,-0.05096094318210531
2024-12-10,polymarket,0.0845,2522.75,2414.0478846685587,2710.326681428277,-0.06920814480172865
2024-12-11,polymarket,0.0585,2512.54,2442.8227671576287,2729.908157028776,-0.07962471428539142
2024-12-12,polymarket,0.0535,2492.63,2418.472000632872,2712.868125362182,-0.08118276126406954
2024-12-13,polymarket,0.055,2485.2,2433.2879498962657,2722.212528998037,-0.08706613700190202
2024-12-16,polymarket,0.0465,2420.3,2412.261827274601,2707.5432298306687,-0.10608998839462036
2024-12-17,polymarket,0.046,2377.15,2400.253052016169,2698.972219021475,-0.1192388038503609
2024-12-18,polymarket,0.0305,2409.35,2415.381167738844,2709.165565877582,-0.11066712557320679
2024-12-19,polymarket,0.0365,2416.45,2404.7348614518246,2701.474645565725,-0.10550705927726267
2024-12-20,polymarket,0.028,2638.42,2533.615051448687,2787.9940481672074,-0.05364934271130728
2024-12-23,polymarket,0.0195,2702.48,2635.9183715957624,2855.3080530544794,-0.05352419081051196
2024-12-24,polymarket,0.0175,2690.96,2620.813716614892,2845.0117417873994,-0.054148016166223334
2024-12-25,polymarket,0.0155,2732.83,2621.8053815142466,2845.321719820935,-0.039535676769801076
2024-12-26,polymarket,0.0105,2766.57,2624.749734740485,2846.9687544817375,-0.02824012534565845
2024-12-27,polymarket,0.007,2757.45,2618.0106530016,2842.4356198545834,-0.029898872382879582
2024-12-28,polymarket,0.009,2786.67,2601.4583007594665,2831.3873816300306,-0.01579345232664231
2024-12-30,polymarket,0.635,2883.04,2630.6106804528863,2837.4167708573227,0.016079142694603865
2025-01-03,polymarket,0.64,2828.5,2627.5538220320323,2835.1643499736706,-0.0023506044627474854
2025-01-06,polymarket,0.595,2816.26,2636.5974532177734,2841.9244208940236,-0.009030648635599436
2025-01-08,polymarket,0.595,2840.79,2648.4312196547653,2849.3982223629414,-0.0030210667976773298
2025-01-09,polymarket,0.595,2773.12,2615.704745099644,2827.861645016238,-0.01935796438723003
2025-01-10,polymarket,0.59,2824.59,2616.248039960199,2828.027224207474,-0.0012154141155543696
2025-01-13,polymarket,0.565,2866.11,2622.737730445619,2832.641573084491,0.01181527067650312
2025-01-14,polymarket,0.575,2859.51,2620.263932512258,2830.5522837945687,0.010230412054643923
2025-01-15,polymarket,0.605,2842.96,2601.825643372241,2817.3676708102257,0.009083773287713814
2025-01-16,polymarket,0.605,2911.29,2606.5905206436782,2820.1138813594393,0.03233065134114699
2025-01-17,polymarket,0.61,2945.52,2598.551989221148,2814.457883334803,0.04656744641348265
2025-01-20,polymarket,0.62,2929.55,2616.5466338054284,2825.674195466452,0.036761423061514975
2025-01-21,polymarket,0.65,2934.71,2607.5489336725595,2818.879040093614,0.04109114235087552
2025-01-22,polymarket,0.64,2972.62,2608.8060839285604,2819.8481064879543,0.05417734847509892
2025-01-23,polymarket,0.655,2926.1,2602.83156165685,2815.681202208848,0.03921566038958191
2025-01-24,polymarket,0.65,2947.94,2603.0081599991786,2815.8652686094497,0.046903782245154346
2025-01-27,polymarket,0.64,2891.39,2621.5398730736374,2828.106610564007,0.02237659259364766
2025-01-28,polymarket,0.645,2931.97,2620.8034602492417,2827.479240347899,0.036955447156260535
2025-01-29,polymarket,0.625,2950.68,2610.6793358227624,2821.2028242211154,0.04589431666070687
2025-01-30,polymarket,0.625,2967.47,2601.85333491043,2815.478320575546,0.053984318868199654
2025-01-31,polymarket,0.635,2948.1,2595.149704459627,2810.8927010933257,0.04881271307627855
2025-02-03,polymarket,0.635,2926.17,2572.1572920215663,2795.8645312733083,0.04660650302228597
2025-02-04,polymarket,0.625,2917.71,2563.8871079885234,2790.5921260029754,0.045552294372412705
2025-02-05,polymarket,0.615,2930.56,2576.3197721478487,2799.1171658516228,0.04695867531089437
2025-02-06,polymarket,0.625,2970.12,2585.0077498828555,2804.764898968997,0.058955066462713424
2025-02-07,polymarket,0.615,2966.53,2588.030694992324,2807.2886795080967,0.05672424131308307
2025-02-10,polymarket,0.645,3012.39,2583.735623470862,2803.9543922732823,0.0743363045779537
2025-02-11,polymarket,0.615,3018.02,2572.37989583383,2797.116153017359,0.07897557158802404
2025-02-12,polymarket,0.645,3025.63,2579.5349539704584,2801.279313443727,0.08008865288069744
2025-02-13,polymarket,0.685,3206.97,2687.7710908415143,2871.071843403885,0.11699399211058426
2025-02-14,polymarket,0.685,3185.0,2625.7577059517985,2831.1616741039325,0.12497990811777226
2025-02-17,polymarket,0.74,3308.41,2629.9850493277177,2833.2644035185444,0.16770252571252664
2025-02-18,polymarket,0.735,3258.76,2637.6109549395005,2838.5378175560695,0.14804177694758858
2025-02-19,polymarket,0.71,3270.64,2632.228872778041,2835.8490477346,0.15331949795167343
2025-02-20,polymarket,0.67,3292.62,2641.6885976039243,2843.2531863229106,0.15804671066182507
2025-02-21,polymarket,0.665,3283.29,2633.043279681825,2838.4688935582426,0.15671163684451694
2025-02-24,polymarket,0.695,3303.63,2625.9740581387646,2833.8625625864515,0.16576930851042904
2025-02-25,polymarket,0.725,3326.14,2628.7594565241006,2835.639102419744,0.17297719486294816
2025-02-26,polymarket,0.735,3276.0,2639.9743947254547,2843.5617024692497,0.15207628417390628
2025-02-27,polymarket,0.705,3232.65,2633.483253473989,2840.8427748028976,0.1379193627582176
2025-02-28,polymarket,0.705,3200.48,2621.352496555068,2833.9741045917426,0.1293257742949827
2025-03-03,polymarket,0.595,3145.73,2625.542605856524,2840.0557168718483,0.1076296782884365
2025-03-04,polymarket,0.645,3241.63,2639.774636879395,2849.486177767583,0.13761913473805332
2025-03-05,polymarket,0.705,3263.62,2679.7152934279266,2875.5428299144255,0.13495788205565473
2025-03-06,polymarket,0.735,3207.7,2705.598136119397,2892.768575841712,0.10886851675186349
2025-03-07,polymarket,0.71,3166.88,2708.1672606297693,2895.994165893458,0.09353811457799321
2025-03-10,polymarket,0.72,3200.81,2734.6670226304423,2913.730881366667,0.09852629852304018
2025-03-11,polymarket,0.715,3200.95,2702.817029116607,2894.226018365227,0.10597789519148293
2025-03-12,polymarket,0.775,3183.97,2709.365480305028,2898.032492172316,0.09866608072891214
2025-03-13,polymarket,0.76,3121.57,2693.168098931112,2888.8882126648537,0.0805437144694876
2025-03-14,polymarket,0.735,3195.08,2712.9246350213502,2903.373512778089,0.1004715672778842
2025-03-17,polymarket,0.735,3245.19,2723.6238865539085,2911.4944951653824,0.11461313266733919
2025-03-18,polymarket,0.75,3257.49,2731.085676720283,2917.2535467565954,0.11662903062425944
2025-03-19,polymarket,0.735,3229.79,2716.8420583410807,2909.7643781371253,0.1099833458225783
2025-03-20,polymarket,0.695,3223.14,2701.697388608086,2901.997512343776,0.11066256476452163
2025-03-21,polymarket,0.695,3191.61,2680.926416414449,2889.4567401197983,0.10457095816138584
2025-03-24,polymarket,0.705,3178.66,2648.9471629618297,2869.452394277178,0.10775840238350143
2025-03-25,polymarket,0.68,3164.62,2637.474412267092,2863.563505698993,0.10513351413434746
2025-03-26,polymarket,0.655,3146.31,2620.0961572213964,2853.6156823232145,0.10256963454815837
2025-03-27,polymarket,0.635,3083.99,2604.1950008438234,2844.417596642338,0.08422546803270459
2025-03-28,polymarket,0.605,3025.65,2595.847069045902,2840.419873643352,0.06521223431627976
2025-03-31,polymarket,0.535,3013.36,2575.430821885603,2829.1937208090408,0.06509496957963523
2025-04-01,polymarket,0.495,2964.43,2588.6042029814066,2839.5292681277947,0.04398642171931422
2025-04-02,polymarket,0.49,2926.39,2571.4163608512,2829.1893274877357,0.03435636900220329
2025-04-03,polymarket,0.45,2859.58,2533.1466325597603,2805.7649544704814,0.01918016883195217
2025-04-04,polymarket,0.455,2781.97,2509.4597365281866,2791.367343816981,-0.003366573675011475
2025-04-07,polymarket,0.435,2729.89,2484.2877191144003,2776.559487701322,-0.016808387469471775
2025-04-08,polymarket,0.465,2746.41,2494.432209965585,2784.4308805354535,-0.013654812120221238
2025-04-09,polymarket,0.48,2650.69,2450.085278716681,2756.093041981201,-0.03824364430942173
2025-04-10,polymarket,0.475,2764.28,2466.104935201952,2768.9432628743157,-0.0016841308873460914
2025-04-11,polymarket,0.435,2829.92,2484.257492352448,2783.898196143036,0.016531424863425404
2025-04-14,polymarket,0.425,2819.69,2480.938873863756,2783.812332497001,0.012887961980834195
2025-04-15,polymarket,0.435,2805.55,2459.2073456040616,2770.859713640186,0.012519683399720094
2025-04-16,polymarket,0.44,2861.83,2461.164379872173,2774.0765799602477,0.03163338051792697
2025-04-17,polymarket,0.445,2865.32,2453.949224207426,2770.889928242058,0.03407932981944595
2025-04-18,polymarket,0.485,2872.77,2433.4963195226346,2757.892820119685,0.04165396821886991
2025-04-21,polymarket,0.51,2922.46,2432.3645491452253,2758.30292261605,0.059513795978673345
2025-04-22,polymarket,0.525,2954.49,2428.0448966996846,2756.650936267338,0.07176790544273537
2025-04-23,polymarket,0.615,2943.23,2415.8967428028614,2748.073433649646,0.07101577561963879
2025-04-24,polymarket,0.585,2944.43,2414.5505032960045,2749.2994838951013,0.0709746309006849
2025-04-25,polymarket,0.605,3006.14,2415.728548167673,2751.1023211769493,0.09270381434375108
2025-04-28,polymarket,0.61,3034.3,2400.2589929995934,2741.703808170638,0.10672056950768627
2025-04-29,polymarket,0.62,2957.66,2373.0581723629384,2724.139083390949,0.08572283186010066
2025-04-30,polymarket,0.575,2918.47,2370.58318144207,2724.9117186315375,0.0710328632098467
2025-05-02,polymarket,0.565,2836.7,2336.078525927659,2702.6741548979335,0.049590086492364405
2025-05-05,polymarket,0.5,2738.8,2322.13431711427,2696.0342489729746,0.01586246578407402
2025-05-06,polymarket,0.5,2820.07,2312.7130243333504,2691.0343636795333,0.0479502001394112
2025-05-07,polymarket,0.48,2833.09,2329.7068037490776,2704.978991471427,0.047361184294775205
2025-05-08,polymarket,0.46,2850.93,2332.8212543860964,2709.0567266692483,0.05236998986919805
2025-05-12,polymarket,0.565,2930.17,2325.7998414336653,2703.5173219352223,0.08383622188243867
2025-05-13,polymarket,0.565,2935.53,2304.1152287907707,2689.774227745658,0.09136669156812971
2025-05-14,polymarket,0.58,2924.21,2312.057421622788,2696.4355224264823,0.08447243617698175
2025-05-15,polymarket,0.545,2840.05,2296.932553643109,2687.674562563714,0.05669415470113259
2025-05-16,polymarket,0.545,2840.34,2294.5164321969005,2687.3635835984046,0.05692434672228419
2025-05-19,polymarket,0.505,2882.63,2297.429637882149,2691.376257463994,0.07106168897997889
2025-05-20,polymarket,0.49,2823.42,2288.8225876759875,2686.8578209073094,0.05082597896697627
2025-05-21,polymarket,0.49,2809.58,2286.120021142958,2686.222333126524,0.045922359200214924
2025-05-22,polymarket,0.435,2792.16,2286.97252167672,2689.1509480714903,0.03830541829657497
2025-05-23,polymarket,0.415,2770.1,2290.6971093553334,2693.3594905781415,0.028492486684496
2025-05-26,polymarket,0.415,2699.84,2262.922034899337,2674.682691485524,0.009405717020026572
2025-05-27,polymarket,0.385,2736.75,2254.8485953231125,2670.6885670851966,0.02473573060107981
2025-05-28,polymarket,0.385,2785.2,2263.179449622396,2677.699763842364,0.04014648602850768
2025-05-29,polymarket,0.405,2809.94,2270.832545253485,2683.803809364466,0.046999035546269496
2025-05-30,polymarket,0.405,2828.83,2281.188085075758,2692.367293507383,0.050685026081580986
2025-06-02,polymarket,0.39,2829.67,2281.790506603271,2694.211128275412,0.05027774932074314
2025-06-03,polymarket,0.38,2834.06,2291.568732736708,2702.3345767289247,0.0487450460077834
2025-06-04,polymarket,0.315,2836.64,2298.963936327142,2709.8243750904544,0.046798466378586756
2025-06-05,polymarket,0.295,2856.61,2291.609326934413,2706.00411876278,0.0556561906883124
2025-06-06,polymarket,0.265,2786.16,2270.6159877334107,2692.492869431628,0.034788255757997266
2025-06-09,polymarket,0.245,2737.76,2272.965787421884,2695.493914947501,0.01568027470517319
2025-06-10,polymarket,0.245,2722.37,2285.763647271448,2705.4948862459264,0.006237348235201834
2025-06-11,polymarket,0.245,2733.2,2290.9570992477643,2710.070327664539,0.008534712955362123
2025-06-13,polymarket,0.225,2750.32,2286.5804339075084,2707.732862423808,0.01572796865126147
2025-06-16,polymarket,0.255,2737.83,2272.5098867263223,2697.563246383035,0.014927084164182425
2025-06-17,polymarket,0.245,2788.94,2267.062461820832,2694.1256350791364,0.03519300053654639
2025-06-18,polymarket,0.235,2791.83,2284.2311310877426,2706.712556181591,0.031446798302988466
2025-06-19,polymarket,0.255,2783.81,2293.5855785922768,2712.8038425392924,0.02617445328971635
2025-06-20,polymarket,0.24,2751.04,2295.942951810859,2714.8223517490114,0.013340706520872603
2025-06-23,polymarket,0.235,2759.67,2289.558412336559,2710.642018397305,0.018087221134306608
2025-06-24,polymarket,0.225,2744.95,2283.784389913472,2707.4021183209193,0.013868601721552576
2025-06-25,polymarket,0.245,2790.78,2296.140714507076,2716.617766731027,0.027299472961267668
2025-06-26,polymarket,0.245,2797.27,2295.720212761265,2717.12530067228,0.02949613671032769
2025-06-27,polymarket,0.245,2806.11,2306.660010605616,2725.850815792883,0.029443718541791064
2025-06-30,polymarket,0.26,2847.38,2309.5440405219865,2728.4389914345707,0.04359306143139818
2025-07-01,polymarket,0.235,2848.44,2304.753144995864,2726.3560114384554,0.04477918072670617
2025-07-02,polymarket,0.225,2815.26,2307.638650318523,2729.6264968634605,0.03137187568883104
2025-07-03,polymarket,0.225,2823.34,2300.395319747801,2725.2689725092496,0.03598581588827665
2025-07-04,polymarket,0.235,2801.65,2296.921467665336,2723.1435741477844,0.028829337754174178
2025-07-07,polymarket,0.225,2756.14,2291.257120777887,2719.4138226094074,0.013505181552453838
2025-07-08,polymarket,0.225,2755.58,2292.8254965746023,2720.562788399345,0.012871311682263187
2025-07-09,polymarket,0.225,2696.45,2275.5935963921424,2708.468506343033,-0.0044373808722112384
2025-07-10,polymarket,0.225,2732.45,2283.665163685883,2714.332470354791,0.006674764364013486
2025-07-11,polymarket,0.22,2642.02,2282.086271544625,2713.4563796726566,-0.026326710172239642
2025-07-14,polymarket,0.195,2714.14,2285.1700908285934,2716.405475324513,-0.0008339974812643369
2025-07-15,polymarket,0.235,2756.95,2303.9189324232566,2729.3641418645398,0.010107064027233381
2025-07-16,polymarket,0.225,2777.16,2314.1253780503266,2737.036873411735,0.014659329941087318
2025-07-17,polymarket,0.225,2761.48,2316.190837969537,2738.6157464907787,0.008348835917751263
2025-07-18,polymarket,0.215,2784.63,2324.152165624461,2744.6185639999894,0.014578140847993915
2025-07-21,polymarket,0.225,2821.78,2322.9717834841845,2743.8265110372654,0.028410502139679883
2025-07-22,polymarket,0.255,2825.61,2319.6265888635166,2741.004382259712,0.030866648111864015
2025-07-23,polymarket,0.255,2841.16,2321.2368577064944,2742.355045268336,0.03602923512844991
2025-07-24,polymarket,0.225,2807.69,2323.826548490207,2744.980502438531,0.022845152271850466
2025-07-25,polymarket,0.225,2772.39,2328.6903071551333,2748.6872986991207,0.008623280397190625
2025-07-28,polymarket,0.195,2730.98,2327.769026066838,2748.829645687471,-0.006493543794346968
2025-07-29,polymarket,0.205,2758.28,2336.594528146753,2755.0459579594262,0.0011738613765155392
2025-07-30,polymarket,0.215,2726.24,2334.66123911727,2753.1492357987386,-0.009773983716117707
2025-07-31,polymarket,0.215,2732.12,2337.161842515185,2754.5814830651566,-0.008154227131507041
2025-08-01,polymarket,0.235,2727.98,2333.954537894605,2751.66498727423,-0.008607511228208131
2025-08-04,polymarket,0.195,2773.85,2337.7448548511798,2754.9118511714596,0.006874321158583552
2025-08-05,polymarket,0.205,2786.37,2343.370188367744,2758.613442697144,0.010061778454801606
2025-08-06,polymarket,0.205,2764.62,2339.028790365964,2755.351697236721,0.003363745823291353
2025-08-07,polymarket,0.265,2876.43,2360.560394121661,2769.4388978840516,0.03863277221883932
2025-08-08,polymarket,0.295,2924.63,2370.95959043101,2776.3823845494526,0.05339596457445639
2025-08-11,polymarket,0.37,2964.15,2374.3831870848403,2777.4751666995135,0.06721026187330881
2025-08-12,polymarket,0.35,2977.18,2376.821834633377,2779.8264399083782,0.07099492157435772
2025-08-13,polymarket,0.375,2973.02,2367.8588401134434,2773.217630762582,0.0720471293060676
2025-08-14,polymarket,0.39,2977.34,2370.104547980892,2774.394958057772,0.07314929741809406
2025-08-15,polymarket,0.345,3012.09,2387.2432308055936,2787.4855256443093,0.08057601457994124
2025-08-18,polymarket,0.335,2951.26,2380.612411451473,2783.1149145339655,0.060416149037881395
2025-08-19,polymarket,0.39,2965.66,2387.9955615111858,2787.3084591474885,0.06398701236929516
2025-08-20,polymarket,0.38,2940.78,2370.70878400102,2775.2649600720824,0.05963936500088951
2025-08-21,polymarket,0.315,2883.5,2357.1727858677064,2766.9229656754487,0.04213237439955009
2025-08-22,polymarket,0.25,2896.76,2362.239030599883,2771.860679837842,0.045059739499412776
2025-08-25,polymarket,0.245,2887.24,2356.2624288769634,2767.704586024276,0.04318936875681256
2025-08-26,polymarket,0.235,2885.87,2346.0434511472986,2760.6189551266784,0.04537063858114898
2025-08-27,polymarket,0.235,2911.48,2349.766419677353,2763.2065996474457,0.053659903813009224
2025-08-28,polymarket,0.255,2912.72,2346.229506332716,2760.1251725474003,0.05528547363370673
2025-08-29,polymarket,0.255,2899.38,2338.724189392971,2754.7377255306637,0.052506731631401626
2025-09-01,polymarket,0.245,2886.97,2342.051186596869,2757.329805948992,0.047016571529204354
2025-09-02,polymarket,0.185,2845.39,2337.7858718576117,2755.498366622792,0.03262264077745791
2025-09-03,polymarket,0.205,2867.55,2352.733910830351,2765.65876458151,0.036841578839502453
2025-09-04,polymarket,0.195,2873.7,2365.420853618966,2774.927041275376,0.035594794838003097
2025-09-05,polymarket,0.205,2901.45,2364.70378844196,2774.183767252333,0.04587519913063165
2025-09-08,polymarket,0.145,2921.62,2372.5427755802184,2780.954679812449,0.05058166578861245
2025-09-09,polymarket,0.165,2935.96,2362.1932290243603,2773.0128806336825,0.05876176072037609
2025-09-10,polymarket,0.155,2914.26,2358.703140252635,2770.9278715169994,0.05172712359507603
2025-09-11,polymarket,0.14,2908.14,2351.5966387955104,2766.2247365675385,0.051302868330415086
2025-09-12,polymarket,0.145,2839.73,2332.46108552835,2752.7309950788313,0.031604615589645446
2025-09-15,polymarket,0.145,2809.85,2325.973537811348,2748.3909699320075,0.02236182214989335
2025-09-16,polymarket,0.155,2802.77,2317.620779762286,2742.7306271850475,0.02189036437623937
2025-09-17,polymarket,0.155,2814.04,2320.481204968363,2745.2544983644693,0.02505614749980767
2025-09-18,polymarket,0.145,2793.58,2310.0197897596013,2738.3885887996594,0.0201547039109351
2025-09-19,polymarket,0.145,2748.06,2292.29931516007,2725.4931717183485,0.008279906372843149
2025-09-22,polymarket,0.135,2741.06,2293.910977159434,2726.6854637635624,0.005271798462810784
2025-09-23,polymarket,0.135,2758.65,2293.4099584679525,2726.072382208471,0.0119503862054966
2025-09-24,polymarket,0.105,2723.58,2282.710610731034,2718.7515603496004,0.0017759767831742046
2025-09-25,polymarket,0.105,2708.68,2277.588332458309,2714.726416523029,-0.002227265512365406
2025-09-26,polymarket,0.105,2725.97,2277.595147058906,2714.3708933412126,0.004273220983632475
2025-09-29,polymarket,0.125,2684.09,2263.622465021219,2703.680704928373,-0.007245938802115992
2025-09-30,polymarket,0.115,2684.6,2260.7421348730404,2701.70442496397,-0.006330975663334404
2025-10-01,polymarket,0.115,2647.25,2258.366972156268,2699.964755420413,-0.019524238349624246
2025-10-02,polymarket,0.105,2632.07,2248.7911539626098,2693.341640506951,-0.02274930130862196
2025-10-03,polymarket,0.095,2604.55,2251.488251238876,2695.6211088652276,-0.033784832952122645
2025-10-06,polymarket,0.095,2648.5,2249.732700243222,2694.373255793419,-0.01702557568621299
2025-10-07,polymarket,0.095,2668.6,2250.070702724594,2694.5449136760485,-0.009628681097266667
2025-10-08,polymarket,0.085,2562.51,2233.7409049330245,2682.881112149012,-0.04486636087001017
2025-10-09,polymarket,0.105,2638.37,2242.0071952201297,2688.4706185882296,-0.018635360283215108
2025-10-10,polymarket,0.115,2588.56,2234.1790698086875,2682.692526478117,-0.03508882421262638
2025-10-13,polymarket,0.105,2576.38,2227.044121086751,2677.835341152814,-0.03788707229068733
2025-10-14,polymarket,0.115,2541.49,2207.0738981437826,2663.3773252346623,-0.04576419723927905
2025-10-15,polymarket,0.115,2545.22,2203.635782680147,2661.2651603180007,-0.04360526040333923
2025-10-16,polymarket,0.12,2607.78,2230.096834095056,2680.869141851364,-0.02726322620912769
2025-10-17,polymarket,0.18,2721.14,2243.042744151934,2689.4767297517437,0.011773022572751035
2025-10-20,polymarket,0.165,2744.83,2230.5862632681,2681.1218772278985,0.02376174067773884
2025-10-21,polymarket,0.155,2632.42,2204.9268155949835,2662.90707989709,-0.011448795989632665
2025-10-22,polymarket,0.155,2653.0,2214.2886314894004,2669.989891850536,-0.00636327946498727
2025-10-23,polymarket,0.135,2570.67,2207.898831938668,2665.876075688087,-0.035712866234231644
2025-10-24,polymarket,0.125,2543.93,2201.106072429912,2661.357715898792,-0.04412323649590055
2025-10-27,polymarket,0.125,2476.79,2189.7570595841044,2653.599253701689,-0.06662997566608664
2025-10-28,polymarket,0.125,2495.09,2194.520132986287,2657.8021826610907,-0.06122057680687776
2025-10-29,polymarket,0.135,2523.35,2212.896730821354,2671.4345658006164,-0.05543260078175871
2025-10-30,polymarket,0.125,2557.48,2216.7439331962632,2674.836528859668,-0.04387428076200939
2025-10-31,polymarket,0.08,2525.2,2209.969545263221,2671.010533492269,-0.054590025634090766
2025-11-01,polymarket,0.075,2532.66,2212.855317708346,2673.4705452110393,-0.052669570444032754
2025-11-03,polymarket,0.075,2570.96,2224.07468386864,2681.8688302550927,-0.041355053984703405
2025-11-05,polymarket,0.065,2546.62,2219.306626852225,2678.7395509141224,-0.04932153664175254
2025-11-06,polymarket,0.055,2542.7,2210.302640991969,2672.553487442843,-0.04858779742032027
2025-11-07,polymarket,0.055,2566.42,2216.8035263066563,2677.476853598455,-0.04147817503975715
2025-11-10,polymarket,0.065,2558.6,2225.1308216410075,2683.492174903637,-0.04654091264794613
2025-11-11,polymarket,0.065,2566.17,2232.791096112117,2689.183420075859,-0.04574378198136775
2025-11-12,polymarket,0.055,2536.22,2235.126329781757,2691.2844025898503,-0.05761724864181228
2025-11-13,polymarket,0.055,2543.36,2238.2202596896677,2693.7539763031496,-0.055830628047757735
2025-11-14,polymarket,0.045,2525.68,2232.0968227972203,2689.755924036369,-0.06100030213527674
2025-11-17,polymarket,0.045,2510.64,2222.929973085568,2683.291195984209,-0.06434307101763592
2025-11-18,polymarket,0.045,2563.07,2225.998698325838,2685.7491769485105,-0.04567782352926031
2025-11-19,polymarket,0.045,2646.02,2231.351340702575,2689.9084437989036,-0.016315961942898305
2025-11-20,polymarket,0.065,2628.31,2230.2519368933754,2688.9526567237876,-0.022552519313476682
2025-11-21,polymarket,0.105,2685.03,2236.5892932563183,2693.1822193184194,-0.003026983937418959
2025-11-24,polymarket,0.135,2654.84,2228.316929465216,2686.941461941792,-0.011947212991604617
2025-11-25,polymarket,0.125,2685.95,2225.999840793308,2685.9528624267546,-1.0657025276694654e-06
2025-11-26,polymarket,0.165,2668.38,2213.274143297564,2676.3446406353887,-0.002975939837665198
2025-11-27,polymarket,0.115,2621.37,2205.5514587982234,2672.1217000346924,-0.018993034648846052
2025-11-28,polymarket,0.085,2676.42,2208.339358224001,2675.2017703443544,0.00045537860700828325
2025-12-01,polymarket,0.095,2686.93,2195.797808312385,2666.2602523947835,0.007752336849582209
2025-12-02,polymarket,0.085,2667.2,2200.7472531745284,2670.591282666705,-0.0012698621045893477
2025-12-03,polymarket,0.055,2651.71,2207.934241246026,2676.996740789584,-0.009445936337645788
2025-12-04,polymarket,0.045,2657.13,2211.209990355995,2680.116518205128,-0.008576686143676349
2025-12-05,polymarket,0.055,2711.3,2218.3051126128407,2685.693646838063,0.009534353701169174
2025-12-08,polymarket,0.055,2705.17,2212.6177760444257,2682.2394125643186,0.008549045744488115
2025-12-09,polymarket,0.045,2702.72,2207.967969055249,2679.8665788313015,0.008527820507640671
2025-12-10,polymarket,0.033,2720.66,2200.434409293967,2675.512574314042,0.016874308915379777
2025-12-11,polymarket,0.029,2748.93,2205.1167896405777,2679.952308447538,0.02573840263314975
2025-12-12,polymarket,0.0245,2739.49,2213.320213973409,2686.750008306276,0.019629660940048144
2025-12-15,polymarket,0.0305,2748.93,2203.679048200798,2680.244846177239,0.025626447494423665
2025-12-16,polymarket,0.0415,2774.23,2203.309966617302,2680.547542554284,0.03494900051518823
2025-12-17,polymarket,0.0365,2759.73,2192.7634942632785,2673.605313603946,0.032212939568092125
2025-12-18,polymarket,0.0255,2753.07,2197.817451036868,2678.2024903426463,0.02795438729047528
2025-12-19,polymarket,0.0315,2743.09,2182.3040573479225,2667.4053791834845,0.028373872755585117
2025-12-22,polymarket,0.0165,2715.98,2167.401473478416,2657.320849055794,0.022074545858867145
2025-12-23,polymarket,0.0145,2725.38,2164.489680569892,2656.0208375329134,0.026113937619371974
2025-12-24,polymarket,0.01,2720.02,2161.254206417728,2654.5994157926593,0.024644239661224532
2025-12-25,polymarket,0.0085,2714.12,2150.146825353803,2647.0836079582264,0.02532462210118136
2025-12-26,polymarket,0.0075,2754.89,2146.364123737025,2644.95221493734,0.04156513090927971
2025-12-29,polymarket,0.0065,2742.03,2150.06491273875,2648.3050365698596,0.03539054683501841
2025-12-30,polymarket,0.0015,2766.62,2158.926488462246,2655.4823526817395,0.04185215059178371
2026-01-05,polymarket,0.435,2757.09,2165.444066342916,2652.383959559122,0.03947620029276688
2026-01-06,polymarket,0.455,2745.26,2172.770318239757,2657.904924261898,0.03286614014696587
2026-01-08,polymarket,0.445,2718.62,2150.159246963125,2641.9629709751803,0.02901517919326646
2026-01-09,polymarket,0.455,2724.85,2155.0004724458795,2645.8643833995015,0.029852481138513465
2026-01-12,polymarket,0.445,2701.93,2131.8476138499577,2629.2668421102826,0.027636281234732607
2026-01-13,polymarket,0.445,2696.92,2123.7866151506933,2623.3111320160033,0.02805952640754006
2026-01-14,polymarket,0.425,2702.69,2124.9597102396606,2624.4831906044733,0.029798937053780117
2026-01-15,polymarket,0.405,2701.32,2118.734387062841,2620.2173034706807,0.030952660461364356
2026-01-16,polymarket,0.415,2733.75,2136.2402407074724,2633.011137873652,0.03825994530646071
2026-01-19,polymarket,0.415,2750.25,2127.581913406648,2626.395595307946,0.047157558790198895
2026-01-20,polymarket,0.415,2738.07,2120.346066399756,2620.8705031790987,0.04471777475412808
2026-01-21,polymarket,0.405,2770.53,2118.622290638368,2619.6388379685864,0.057599986625798794
2026-01-22,polymarket,0.415,2768.02,2120.5122230376533,2620.957596033219,0.05611018056505679
2026-01-23,polymarket,0.445,2777.29,2115.9455996295032,2617.1222178602766,0.061199962709679756
2026-01-26,polymarket,0.425,2768.15,2102.130647550028,2607.4845997559696,0.06161700830718875
2026-01-27,polymarket,0.435,2781.39,2104.011295773697,2608.9725903893127,0.0660863246497192
2026-01-28,polymarket,0.435,2788.01,2100.3614446172205,2606.3629634604404,0.06969368391361308
2026-01-29,polymarket,0.45,2797.76,2116.971850897822,2618.256999928028,0.06855820497258525
2026-01-30,polymarket,0.465,2782.74,2115.256973031796,2616.5509415786573,0.06351455107580462
2026-02-02,polymarket,0.445,2768.56,2118.046261179485,2619.089442056149,0.05706966533625035
2026-02-03,polymarket,0.455,2786.15,2123.1462520216123,2622.783687613569,0.06228737549266805
2026-02-04,polymarket,0.455,2776.31,2113.6596994620645,2615.7313931778767,0.061389562873669146
2026-02-05,polymarket,0.445,2737.13,2105.696988826426,2610.0128933878127,0.048703631669492875
2026-02-06,polymarket,0.425,2735.43,2096.4553411166394,2603.463942785323,0.05068864409679219
2026-02-09,polymarket,0.445,2725.64,2095.376559400643,2602.1705967997127,0.04744861976080128
2026-02-10,polymarket,0.435,2717.04,2094.6102085100465,2601.613358981945,0.044367330994649956
2026-02-12,polymarket,0.435,2765.66,2111.741757448164,2614.2429990687274,0.05792001775856792
2026-02-13,polymarket,0.435,2776.34,2124.412004499866,2623.6572588682825,0.05819462150234411
2026-02-17,polymarket,0.415,2765.33,2139.527416481668,2635.2511983173267,0.04936106347878022
2026-02-24,polymarket,0.395,2777.35,2146.522310911463,2639.985833735982,0.05203216036565883
2026-02-25,polymarket,0.385,2795.39,2145.200080611747,2638.791296014098,0.05934486149868867
2026-02-26,polymarket,0.365,2785.58,2139.3420979556035,2634.3765939240693,0.05739627600118613
2026-02-27,polymarket,0.365,2799.14,2146.502667095472,2638.9845091126376,0.06068830276734549
2026-03-05,polymarket,0.395,2825.0,2164.405006759244,2647.0141882068338,0.06724021827542193
2026-03-06,polymarket,0.37,2854.11,2174.204726583729,2653.1015233083276,0.07576358270716366
2026-03-09,polymarket,0.385,2888.68,2186.683876626649,2659.9599438623723,0.08598627835181483
2026-03-10,polymarket,0.395,2853.86,2186.585076341407,2657.9562876692667,0.07370464038086921
2026-03-11,polymarket,0.41,2854.05,2201.364578133853,2666.501357943691,0.07033510089825712
2026-03-17,polymarket,0.365,2853.53,2266.7105667566407,2704.4271198016822,0.055132888997671214
2026-03-18,polymarket,0.365,2871.72,2285.312617363088,2714.7141662517975,0.057835125222402306
2026-03-19,polymarket,0.355,2868.99,2299.221196048056,2721.54767070598,0.054175912801767145
2026-03-20,polymarket,0.355,2864.89,2321.641530087189,2734.0355019562485,0.04786130170955083
2026-03-23,polymarket,0.335,2833.43,2333.870843536544,2740.1723166786533,0.034033510503596265
2026-03-24,polymarket,0.345,2837.9,2347.297659931802,2747.0085892674997,0.03308741410114657
2026-03-25,polymarket,0.335,2840.14,2364.4929635973963,2756.8195164580948,0.030223408911785876
2026-03-26,polymarket,0.335,2822.84,2371.176722596095,2759.0267267286317,0.023128907253113784
2026-03-27,polymarket,0.325,2789.61,2384.58478565574,2765.8344027129424,0.008596175267664874
2026-04-09,polymarket,0.285,2733.4,2480.905691141564,2813.6816226100696,-0.028532589460351754
2026-04-22,polymarket,0.255,2761.64,2581.6971664766547,2870.1899425824176,-0.03781977665378877
2026-04-23,polymarket,0.255,2771.46,2584.9424092765457,2870.7701565350776,-0.03459355891275584
2026-04-24,polymarket,0.255,2733.0,2574.9464760253286,2862.458960975522,-0.04522648629743242
2026-04-27,polymarket,0.285,2732.41,2584.2535496842274,2866.4019897338194,-0.04674570775966502
2026-04-28,polymarket,0.285,2696.58,2594.156319406672,2871.434495008224,-0.06089447463008324
2026-04-29,polymarket,0.275,2639.82,2596.970619366935,2871.825862290413,-0.08078688382079602
2026-04-30,polymarket,0.315,2658.21,2614.673447250451,2880.9821211351823,-0.07732506199913669
2026-05-04,polymarket,0.285,2620.82,2622.5919242758287,2884.7401388491603,-0.09148835810023725
2026-05-05,polymarket,0.295,2644.37,2626.8052368971203,2885.348382786503,-0.08351795028431885
2026-05-06,polymarket,0.315,2632.5,2640.4313223353565,2892.409998853458,-0.08985932110471395
2026-05-07,polymarket,0.295,2615.33,2639.9563405342,2890.8919659328685,-0.0953207415497268
2026-05-08,polymarket,0.285,2597.8,2646.250147350644,2893.833143459359,-0.10229793107748897
2026-05-11,kalshi,0.54,2656.91,2662.2418266950544,2897.358341084428,-0.08298881697678884
2026-05-12,kalshi,0.48,2689.96,2664.836644306961,2898.6786541006795,-0.07200475768688985
2026-05-13,kalshi,0.63,2694.72,2672.350896712824,2898.957367197524,-0.07045200785238326
2026-05-14,kalshi,0.59,2658.84,2661.663766315929,2891.24831916047,-0.08038338236819254
2026-05-15,kalshi,0.51,2633.84,2693.7641665940005,2912.3041519966514,-0.09561643889623905
2026-05-18,kalshi,0.57,2668.22,2702.3118602672025,2914.9389933943553,-0.08463950496166606
2026-05-19,kalshi,0.58,2663.48,2703.474587301758,2913.7157776130985,-0.0858820134536562
2026-05-20,kalshi,0.57,2640.32,2712.671132545921,2918.7073989345645,-0.09538037250194586
2026-05-21,kalshi,0.56,2664.29,2717.346940257524,2920.8604797634707,-0.08784071733006826
2026-05-22,kalshi,0.535,2625.69,2719.7191705314463,2921.896640194911,-0.10137478380315046
2026-05-25,kalshi,0.55,2598.2,2713.8963975825163,2916.9923613867104,-0.10928803434890033
2026-05-26,kalshi,0.54,2580.25,2718.891948113393,2919.4818343613915,-0.11619590516671097
2026-05-27,kalshi,0.53,2590.24,2726.068047653522,2923.540815400801,-0.11400587043116328
2026-05-28,kalshi,0.52,2583.89,2733.481432844904,2927.8981982374225,-0.11749322378917193
2026-05-29,kalshi,0.525,2565.61,2730.0464405963176,2925.263020417662,-0.12294724197700058
2026-06-01,kalshi,0.53,2570.04,2724.702808442106,2921.374152794518,-0.12026331938976054
2026-06-02,kalshi,0.5700000000000001,2620.39,2742.925829104621,2931.8862440071207,-0.10624431443881233
2026-06-03,kalshi,0.51,2601.35,2742.275471289423,2932.2975053901914,-0.11286286769396314
2026-06-04,kalshi,0.52,2579.9,2740.813739180248,2931.032377639781,-0.11979819135349534
2026-06-05,kalshi,0.62,2561.04,2736.682572664203,2926.4342833596966,-0.12485989705540401
2026-06-08,kalshi,0.56,2517.64,2728.888064081962,2922.6344036868713,-0.1385716951719912
2026-06-09,kalshi,0.55,2522.77,2725.2291228434533,2920.799502589922,-0.13627416131678427
2026-06-10,kalshi,0.55,2520.88,2730.8199767430624,2925.079166646037,-0.13818400925862828
2026-06-11,kalshi,0.56,2515.33,2717.161773511085,2916.9162401291824,-0.13767493032689804
2026-06-15,kalshi,0.52,2542.84,2708.0235410932182,2913.027139207836,-0.12707987997272974
2026-06-16,kalshi,0.53,2490.52,2701.9964696213574,2910.4478311635507,-0.14428289236700398
2026-06-17,kalshi,0.525,2485.05,2689.249016610151,2904.1472580079135,-0.1443099198404254
2026-06-18,kalshi,0.52,2441.24,2674.7903729886216,2896.855353780603,-0.15727929017442743
2026-06-19,kalshi,0.54,2420.56,2654.410664364912,2885.1439027514034,-0.16102624978544577
2026-06-22,kalshi,0.59,2318.28,2622.0765643692444,2864.587965131078,-0.19071083582733672
2026-06-23,kalshi,0.56,2335.94,2614.5685700508034,2861.7350555790686,-0.18373296107688575
2026-06-24,kalshi,0.6,2243.47,2586.352598339016,2843.8121809181694,-0.21110472236754385
2026-06-25,kalshi,0.54,2257.24,2560.429554305132,2829.3768646468825,-0.2022130285278514
2026-06-26,kalshi,0.59,2285.61,2540.9120314363267,2817.1289192868207,-0.18867397783889106
2026-06-29,kalshi,0.58,2349.81,2541.639001743468,2819.7269988341095,-0.1666533671622853
2026-06-30,kalshi,0.5549999999999999,2348.15,2527.250618027208,2811.7877501658254,-0.164890735489719
2026-07-01,kalshi,0.52,2344.55,2512.52804856624,2803.694023581555,-0.16376395559563428
2026-07-02,kalshi,0.52,2256.06,2484.984486861533,2786.3781189867623,-0.19032525247492504
2026-07-03,kalshi,0.55,2242.84,2468.6425487039514,2776.1464750342116,-0.1921031472331226
2026-07-06,kalshi,0.51,2194.14,2454.7864804773358,2768.8739221949672,-0.20756955294640467
2026-07-07,kalshi,0.52,2190.39,2447.979370508092,2765.047195305439,-0.20782907296523012
2026-07-08,kalshi,0.54,2220.77,2467.779905084011,2778.876465740175,-0.20083889032883617
2026-07-09,kalshi,0.53,2186.75,2465.759035257643,2778.481955374088,-0.21296951532457176
2026-07-10,kalshi,0.505,2145.65,2466.6277483426875,2780.32460212661,-0.22827356260530196
2026-07-13,kalshi,0.52,2164.42,2446.623359995822,2766.95767046951,-0.21776179552731234
2026-07-14,kalshi,0.5,2170.78,2443.223267825972,2765.3655062694083,-0.2150115436536013
2026-07-15,kalshi,0.49,2111.9,2427.77224495643,2755.2213075165546,-0.2334917001990009
2026-07-16,kalshi,0.36,2022.27,2410.430682850205,2746.202894979593,-0.2636123122231916
2026-07-17,kalshi,0.37,1958.43,2411.966291087524,2746.925232763474,-0.28704648505129804
2026-07-20,kalshi,0.37,2000.69,2402.8336407122983,2740.5157743292752,-0.2699585900067819
2026-07-21,kalshi,0.37,2078.78,2436.6994824618378,2763.76481853431,-0.2478448288872761
2026-07-22,kalshi,0.37,2136.11,2441.574809046384,2767.0230614287048,-0.2280114937325255
2026-07-23,kalshi,0.36,2144.97,2449.398295258926,2772.631765794602,-0.22637761477666762
2026-07-24,kalshi,0.35,2165.54,2482.533920759544,2795.5110614914834,-0.22535094572488512
2026-07-27,kalshi,0.36,2216.92,2470.440855037644,2787.495817786689,-0.20469118344354464
2026-07-28,kalshi,0.33,2191.18,2469.97384596863,2788.437521759684,-0.21419074915574088
2026-07-29,kalshi,0.3399999999999999,2237.17,2473.514073014326,2791.219041361466,-0.19849715595635198
2026-07-30,kalshi,0.33,2209.84,2469.226457759064,2789.185974775032,-0.20771149002416744
2026-07-31,kalshi,0.35,2226.36,2463.7278724258776,2785.774046383598,-0.2008109907943938
2026-08-03,kalshi,0.36,2262.75,2453.027696347454,2779.1467684865293,-0.18581126205427045
2026-08-04,kalshi,0.34,2269.23,2452.418825127884,2779.8123949693413,-0.1836751271033067
2026-08-05,kalshi,0.32,2301.65,2449.8588844597325,2779.1720567154766,-0.17182169616365128
2026-08-06,kalshi,0.34,2285.88,2455.93450559374,2783.3413316922506,-0.17872810856072685
2026-08-07,kalshi,0.335,2281.31,2449.2234495954244,2779.479988006326,-0.17923136347661028
2026-08-10,kalshi,0.335,2295.96,2449.005408408269,2780.11023014768,-0.1741478538863409
